Swiss-Prot AC,AA change,Sequences
Q9NRG9,p.Lys108Met,MCSLGLFPPPPPRGQVTLYEHNNELVTGSSYESPPPDFRGQWINLPVLQLTKDPLKTPGRLDHGTRTAFIHHREQVWKRCINIWRDVGLFGVLNEIANSEEEVFEWVMTASGWALALCRWASSLHGSLFPHLSLRSEDLIAEFAQVTNWSSCCLRVFAWHPHTNKFAVALLDDSVRVYNASSTIVPSLKHRLQRNVASLAWKPLSASVLAVACQSCILIWTLDPTSLSTRPSSGCAQVLSHPGHTPVTSLAWAPSGGRLLSASPVDAAIRVWDVSTETCVPLPWFRGGGVTNLLWSPDGSKILATTPSAVFRVWEAQMWTCERWPTLSGRCQTGCWSPDGSRLLFTVLGEPLIYSLSFPERCGEGKGCVGGAKSATIVADLSETTIQTPDGEERLGGEAHSMVWDPSGERLAVLMKGKPRVQDGKPVILLFRTRNSPVFELLPCGIIQGEPGAQPQLITFHPSFNKGALLSVGWSTGRIAHIPLYFVNAQFPRFSPVLGRAQEPPAGGGGSIHDLPLFTETSPTSAPWDPLPGPPPVLPHSPHSHL
P49588,p.Gly275Asp,MDSTLTASEIRQRFIDFFKRNEHTYVHSSATIPLDDPTLLFANAGMNQFKPIFLNTIDPSHPMAKLSRAANTQKCIRAGGKHNDLDDVGKDVYHHTFFEMLGSWSFGDYFKELACKMALELLTQEFGIPIERLYVTYFGGDEAAGLEADLECKQIWQNLGLDDTKILPGNMKDNFWEMGDTGPCGPCSEIHYDRIGGRDAAHLVNQDDPNVLEIWNLVFIQYNREADGILKPLPKKSIDTGMGLERLVSVLQNKMSNYDTDLFVPYFEAIQKGTDARPYTGKVGAEDADGIDMAYRVLADHARTITVALADGGRPDNTGRGYVLRRILRRAVRYAHEKLNASRGFFATLVDVVVQSLGDAFPELKKDPDMVKDIINEEEVQFLKTLSRGRRILDRKIQSLGDSKTIPGDTAWLLYDTYGFPVDLTGLIAEEKGLVVDMDGFEEERKLAQLKSQGKGAGGEDLIMLDIYAIEELRARGLEVTDDSPKYNYHLDSSGSYVFENTVATVMALRREKMFVEEVSTGQECGVVLDKTCFYAEQGGQIYDEGYLVKVDDSSEDKTEFTVKNAQVRGGYVLHIGTIYGDLKVGDQVWLFIDEPRRRPIMSNHTATHILNFALRSVLGEADQKGSLVAPDRLRFDFTAKGAMSTQQIKKAEEIANEMIEAAKAVYTQDCPLAAAKAIQGLRAVFDETYPDPVRVVSIGVPVSELLDDPSGPAGSLTSVEFCGGTHLRNSSHAGAFVIVTEEAIAKGIRRIVAVTGAEAQKALRKAESLKKCLSVMEAKVKAQTAPNKDVQREIADLGEALATAVIPQWQKDELRETLKSLKKVMDDLDRASKADVQKRVLEKTKQFIDSNPNQPLVILEMESGASAKALNEALKLFKMHSPQTSAMLFTVDNEAGKITCLCQVPQNAANRGLKASEWVQQVSGLMDGKGGGKDVSAQATGKNVGCLQEALQLATSFAQLRLGDVKN
Q5JTZ9,p.Ile339Val,MAASVAAAARRLRRAIRRSPAWRGLSHRPLSSEPPAAKASAVRAAFLNFFRDRHGHRLVPSASVRPRGDPSLLFVNAGMNQFKPIFLGTVDPRSEMAGFRRVANSQKCVRAGGHHNDLEDVGRDLSHHTFFEMLGNWAFGGEYFKEEACNMAWELLTQVYGIPEERLWISYFDGDPKAGLDPDLETRDIWLSLGVPASRVLSFGPQENFWEMGDTGPCGPCTEIHYDLAGGVGAPQLVELWNLVFMQHNREADGSLQPLPQRHVDTGMGLERLVAVLQGKHSTYDTDLFSPLLNAIQQGCRAPPYLGRVGVADEGRTDTAYRVVADHIRTLSVCISDGVFPGMSGPPLVLRRILRRAVRFSMEILKAPPGFLGSLVPVVVETLGDAYPELQRNSAQIANLVSEDEAAFLASLERGRRIIDRTLRTLGPSDMFPAEVAWSLSLCGDLGLPLDMVELMLEEKGVQLDSAGLERLAQEEAQHRARQAEPVQKQGLWLDVHALGELQRQGVPPTDDSPKYNYSLRPSGSYEFGTCEAQVLQLYTEDGTAVASVGKGQRCGLLLDRTNFYAEQGGQASDRGYLVRAGQEDVLFPVARAQVCGGFILHEAVAPECLRLGDQVQLHVDEAWRLGCMAKHTATHLLNWALRQTLGPGTEQQGSHLNPEQLRLDVTTQTPLTPEQLRAVENTVQEAVGQDEAVYMEEVPLALTAQVPGLRSLDEVYPDPVRVVSVGVPVAHALDPASQAALQTSVELCCGTHLLRTGAVGDLVIIGDRQLSKGTTRLLAVTGEQAQQARELGQSLAQEVKAATERLSLGSRDVAEALRLSKDIGRLIEAVETAVMPQWQRRELLATVKMLQRRANTAIRKLQMGQAAKKTQELLERHSKGPLIVDTVSAESLSVLVKVVRQLCEQAPSTSVLLLSPQPMGKVLCACQVAQGAMPTFTAEAWALAVCSHMGGKAWGSRVVAQGTGSTTDLEAALSIAQTYALSQL
P80404,p.Gln56Arg,MASMLLAQRLACSFQHSYRLLVPGSRHISQAAAKVDVEFDYDGPLMKTEVPGPRSRELMKQLNIIQNAEAVHFFCNYEESRGNYLVDVDGNRMLDLYSQISSVPIGYSHPALLKLIQQPQNASMFVNRPALGILPPENFVEKLRQSLLSVAPKGMSQLITMACGSCSNENALKTIFMWYRSKERGQRGFSQEELETCMINQAPGCPDYSILSFMGAFHGRTMGCLATTHSKAIHKIDIPSFDWPIAPFPRLKYPLEEFVKENQQEEARCLEEVEDLIVKYRKKKKTVAGIIVEPIQSEGGDNHASDDFFRKLRDIARKHGCAFLVDEVQTGGGCTGKFWAHEHWGLDDPADVMTFSKKMMTGGFFHKEEFRPNAPYRIFNTWLGDPSKNLLLAEVINIIKREDLLNNAAHAGKALLTGLLDLQARYPQFISRVRGRGTFCSFDTPDDSIRNKLILIARNKGVVLGGCGDKSIRFRPTLVFRDHHAHLFLNIFSDILADFK
O95477,p.Val399Ala,MACWPQLRLLLWKNLTFRRRQTCQLLLEVAWPLFIFLILISVRLSYPPYEQHECHFPNKAMPSAGTLPWVQGIICNANNPCFRYPTPGEAPGVVGNFNKSIVARLFSDARRLLLYSQKDTSMKDMRKVLRTLQQIKKSSSNLKLQDFLVDNETFSGFLYHNLSLPKSTVDKMLRADVILHKVFLQGYQLHLTSLCNGSKSEEMIQLGDQEVSELCGLPREKLAAAERVLRSNMDILKPILRTLNSTSPFPSKELAEATKTLLHSLGTLAQELFSMRSWSDMRQEVMFLTNVNSSSSSTQIYQAVSRIVCGHPEGGGLKIKSLNWYEDNNYKALFGGNGTEEDAETFYDNSTTPYCNDLMKNLESSPLSRIIWKALKPLLVGKILYTPDTPATRQVMAEANKTFQELAVFHDLEGMWEELSPKIWTFMENSQEMDLVRMLLDSRDNDHFWEQQLDGLDWTAQDIVAFLAKHPEDVQSSNGSVYTWREAFNETNQAIRTISRFMECVNLNKLEPIATEVWLINKSMELLDERKFWAGIVFTGITPGSIELPHHVKYKIRMDIDNVERTNKIKDGYWDPGPRADPFEDMRYVWGGFAYLQDVVEQAIIRVLTGTEKKTGVYMQQMPYPCYVDDIFLRVMSRSMPLFMTLAWIYSVAVIIKGIVYEKEARLKETMRIMGLDNSILWFSWFISSLIPLLVSAGLLVVILKLGNLLPYSDPSVVFVFLSVFAVVTILQCFLISTLFSRANLAAACGGIIYFTLYLPYVLCVAWQDYVGFTLKIFASLLSPVAFGFGCEYFALFEEQGIGVQWDNLFESPVEEDGFNLTTSVSMMLFDTFLYGVMTWYIEAVFPGQYGIPRPWYFPCTKSYWFGEESDEKSHPGSNQKRISEICMEEEPTHLKLGVSIQNLVKVYRDGMKVAVDGLALNFYEGQITSFLGHNGAGKTTTMSILTGLFPPTSGTAYILGKDIRSEMSTIRQNLGVCPQHNVLFDMLTVEEHIWFYARLKGLSEKHVKAEMEQMALDVGLPSSKLKSKTSQLSGGMQRKLSVALAFVGGSKVVILDEPTAGVDPYSRRGIWELLLKYRQGRTIILSTHHMDEADVLGDRIAIISHGKLCCVGSSLFLKNQLGTGYYLTLVKKDVESSLSSCRNSSSTVSYLKKEDSVSQSSSDAGLGSDHESDTLTIDVSAISNLIRKHVSEARLVEDIGHELTYVLPYEAAKEGAFVELFHEIDDRLSDLGISSYGISETTLEEIFLKVAEESGVDAETSDGTLPARRNRRAFGDKQSCLRPFTEDDAADPNDSDIDPESRETDLLSGMDGKGSYQVKGWKLTQQQFVALLWKRLLIARRSRKGFFAQIVLPAVFVCIALVFSLIVPPFGKYPSLELQPWMYNEQYTFVSNDAPEDTGTLELLNALTKDPGFGTRCMEGNPIPDTPCQAGEEEWTTAPVPQTIMDLFQNGNWTMQNPSPACQCSSDKIKKMLPVCPPGAGGLPPPQRKQNTADILQDLTGRNISDYLVKTYVQIIAKSLKNKIWVNEFRYGGFSLGVSNTQALPPSQEVNDAIKQMKKHLKLAKDSSADRFLNSLGRFMTGLDTKNNVKVWFNNKGWHAISSFLNVINNAILRANLQKGENPSHYGITAFNHPLNLTKQQLSEVALMTTSVDVLVSICVIFAMSFVPASFVVFLIQERVSKAKHLQFISGVKPVIYWLSNFVWDMCNYVVPATLVIIIFICFQQKSYVSSTNLPVLALLLLLYGWSITPLMYPASFVFKIPSTAYVVLTSVNLFIGINGSVATFVLELFTDNKLNNINDILKSVFLIFPHFCLGRGLIDMVKNQAMADALERFGENRFVSPLSWDLVGRNLFAMAVEGVVFFLITVLIQYRFFIRPRPVNAKLSPLNDEDEDVRRERQRILDGGGQNDILEIKELTKIYRRKRKPAVDRICVGIPPGECFGLLGVNGAGKSSTFKMLTGDTTVTRGDAFLNKNSILSNIHEVHQNMGYCPQFDAITELLTGREHVEFFALLRGVPEKEVGKVGEWAIRKLGLVKYGEKYAGNYSGGNKRKLSTAMALIGGPPVVFLDEPTTGMDPKARRFLWNCALSVVKEGRSVVLTSHSMEECEALCTRMAIMVNGRFRCLGSVQHLKNRFGDGYTIVVRIAGSNPDLKPVQDFFGLAFPGSVLKEKHRNMLQYQLPSSLSSLARIFSILSQSKKRLHIEDYSVSQTTLDQVFVNFAKDQSDDDHLKDLSLHKNQTVVDVAVLTSFLQDEKVKESYV
Q86UK0,p.Ser459Thr,MASLFHQLQILVWKNWLGVKRQPLWTLVLILWPVIIFIILAITRTKFPPTAKPTCYLAPRNLPSTGFFPFLQTLLCDTDSKCKDTPYGPQDLLRRKGIDDALFKDSEILRKSSNLDKDSSLSFQSTQVPERRHASLATVFPSPSSDLEIPGTYTFNGSQVLARILGLEKLLKQNSTSEDIRRELCDSYSGYIVDDAFSWTFLGRNVFNKFCLSNMTLLESSLQELNKQFSQLSSDPNNQKIVFQEIVRMLSFFSQVQEQKAVWQLLSSFPNVFQNDTSLSNLFDVLRKANSVLLVVQKVYPRFATNEGFRTLQKSVKHLLYTLDSPAQGDSDNITHVWNEDDGQTLSPSSLAAQLLILENFEDALLNISANSPYIPYLACVRNVTDSLARGSPENLRLLQSTIRFKKSFLRNGSYEDYFPPVPEVLKSKLSQLRNLTELLCESETFSLIEKSCQLSDMTFGSLCEESEFDLQLLEAAELGTEIAASLLYHDNVISKKVRDLLTGDPSKINLNMDQFLEQALQMNYLENITQLIPIIEAMLHVNNSADASEKPGQLLEMFKNVEELKEDLRRTTGMSNRTIDKLLAIPIPDNRAEIISQVFWLHSCDTNITTPKLEDAMKEFCNLSLSERSRQSYLIGLTLLHYLNIYNFTYKVFFPRKDQKPVEKMMELFIRLKEILNQMASGTHPLLDKMRSLKQMHLPRSVPLTQAMYRSNRMNTPQGSFSTISQALCSQGITTEYLTAMLPSSQRPKGNHTKDFLTYKLTKEQIASKYGIPINSTPFCFSLYKDIINMPAGPVIWAFLKPMLLGRILYAPYNPVTKAIMEKSNVTLRQLAELREKSQEWMDKSPLFMNSFHLLNQAIPMLQNTLRNPFVQVFVKFSVGLDAVELLKQIDELDILRLKLENNIDIIDQLNTLSSLTVNISSCVLYDRIQAAKTIDEMEREAKRLYKSNELFGSVIFKLPSNRSWHRGYDSGNVFLPPVIKYTIRMSLKTAQTTRSLRTKIWAPGPHNSPSHNQIYGRAFIYLQDSIERAIIELQTGRNSQEIAVQVQAIPYPCFMKDNFLTSVSYSLPIVLMVAWVVFIAAFVKKLVYEKDLRLHEYMKMMGVNSCSHFFAWLIESVGFLLVTIVILIIILKFGNILPKTNGFILFLYFSDYSFSVIAMSYLISVFFNNTNIAALIGSLIYIIAFFPFIVLVTVENELSYVLKVFMSLLSPTAFSYASQYIARYEEQGIGLQWENMYTSPVQDDTTSFGWLCCLILADSFIYFLIAWYVRNVFPGTYGMAAPWYFPILPSYWKERFGCAEVKPEKSNGLMFTNIMMQNTNPSASPEYMFSSNIEPEPKDLTVGVALHGVTKIYGSKVAVDNLNLNFYEGHITSLLGPNGAGKTTTISMLTGLFGASAGTIFVYGKDIKTDLHTVRKNMGVCMQHDVLFSYLTTKEHLLLYGSIKVPHWTKKQLHEEVKRTLKDTGLYSHRHKRVGTLSGGMKRKLSISIALIGGSRVVILDEPSTGVDPCSRRSIWDVISKNKTARTIILSTHHLDEAEVLSDRIAFLEQGGLRCCGSPFYLKEAFGDGYHLTLTKKKSPNLNANAVCDTMAVTAMIQSHLPEAYLKEDIGGELVYVLPPFSTKVSGAYLSLLRALDNGMGDLNIGCYGISDTTVEEVFLNLTKESQKNSAMSLEHLTQKKIGNSNANGISTPDDLSVSSSNFTDRDDKILTRGERLDGFGLLLKKIMAILIKRFHHTRRNWKGLIAQVILPIVFVTTAMGLGTLRNSSNSYPEIQISPSLYGTSEQTAFYANYHPSTEALVSAMWDFPGIDNMCLNTSDLQCLNKDSLEKWNTSGEPITNFGVCSCSENVQECPKFNYSPPHRRTYSSQVIYNLTGQRVENYLISTANEFVQKRYGGWSFGLPLTKDLRFDITGVPANRTLAKVWYDPEGYHSLPAYLNSLNNFLLRVNMSKYDAARHGIIMYSHPYPGVQDQEQATISSLIDILVALSILMGYSVTTASFVTYVVREHQTKAKQLQHISGIGVTCYWVTNFIYDMVFYLVPVAFSIGIIAIFKLPAFYSENNLGAVSLLLLLFGYATFSWMYLLAGLFHETGMAFITYVCVNLFFGINSIVSLSVVYFLSKEKPNDPTLELISETLKRIFLIFPQFCFGYGLIELSQQQSVLDFLKAYGVEYPNETFEMNKLGAMFVALVSQGTMFFSLRLLINESLIKKLRLFFRKFNSSHVRETIDEDEDVRAERLRVESGAAEFDLVQLYCLTKTYQLIHKKIIAVNNISIGIPAGECFGLLGVNGAGKTTIFKMLTGDIIPSSGNILIRNKTGSLGHVDSHSSLVGYCPQEDALDDLVTVEEHLYFYARVHGIPEKDIKETVHKLLRRLHLMPFKDRATSMCSYGTKRKLSTALALIGKPSILLLDEPSSGMDPKSKRHLWKIISEEVQNKCSVILTSHSMEECEALCTRLAIMVNGKFQCIGSLQHIKSRFGRGFTVKVHLKNNKVTMETLTKFMQLHFPKTYLKDQHLSMLEYHVPVTAGGVANIFDLLETNKTALNITNFLVSQTTLEEVFINFAKDQKSYETADTSSQGSTISVDSQDDQMES
Q99758,p.Asn140His,MAVLRQLALLLWKNYTLQKRKVLVTVLELFLPLLFSGILIWLRLKIQSENVPNATIYPGQSIQELPLFFTFPPPGDTWELAYIPSHSDAAKTVTETVRRALVINMRVRGFPSEKDFEDYIRYDNCSSSVLAAVVFEHPFHHSKEPLPLAVKYHLRFSYTRRNYMWTQTGSFFLKETEGWHTTSLFPLFPNPGPREPTSPDGGEPGYIREGFLAVQHAVDRAIMEYHADAATRQLFQRLTVTIKRFPYPPFIADPFLVAIQYQLPLLLLLSFTYTALTIARAVVQEKERRLKEYMRMMGLSSWLHWSAWFLLFFLFLLIAASFMTLLFCVKVKPNVAVLSRSDPSLVLAFLLCFAISTISFSFMVSTFFSKANMAAAFGGFLYFFTYIPYFFVAPRYNWMTLSQKLCSCLLSNVAMAMGAQLIGKFEAKGMGIQWRDLLSPVNVDDDFCFGQVLGMLLLDSVLYGLVTWYMEAVFPGQFGVPQPWYFFIMPSYWCGKPRAVAGKEEEDSDPEKALRNEYFEAEPEDLVAGIKIKHLSKVFRVGNKDRAAVRDLNLNLYEGQITVLLGHNGAGKTTTLSMLTGLFPPTSGRAYISGYEISQDMVQIRKSLGLCPQHDILFDNLTVAEHLYFYAQLKGLSRQKCPEEVKQMLHIIGLEDKWNSRSRFLSGGMRRKLSIGIALIAGSKVLILDEPTSGMDAISRRAIWDLLQRQKSDRTIVLTTHFMDEADLLGDRIAIMAKGELQCCGSSLFLKQKYGAGYHMTLVKEPHCNPEDISQLVHHHVPNATLESSAGAELSFILPRESTHRFEGLFAKLEKKQKELGIASFGASITTMEEVFLRVGKLVDSSMDIQAIQLPALQYQHERRASDWAVDSNLCGAMDPSDGIGALIEEERTAVKLNTGLALHCQQFWAMFLKKAAYSWREWKMVAAQVLVPLTCVTLALLAINYSSELFDDPMLRLTLGEYGRTVVPFSVPGTSQLGQQLSEHLKDALQAEGQEPREVLGDLEEFLIFRASVEGGGFNERCLVAASFRDVGERTVVNALFNNQAYHSPATALAVVDNLLFKLLCGPHASIVVSNFPQPRSALQAAKDQFNEGRKGFDIALNLLFAMAFLASTFSILAVSERAVQAKHVQFVSGVHVASFWLSALLWDLISFLIPSLLLLVVFKAFDVRAFTRDGHMADTLLLLLLYGWAIIPLMYLMNFFFLGAATAYTRLTIFNILSGIATFLMVTIMRIPAVKLEELSKTLDHVFLVLPNHCLGMAVSSFYENYETRRYCTSSEVAAHYCKKYNIQYQENFYAWSAPGVGRFVASMAASGCAYLILLFLIETNLLQRLRGILCALRRRRTLTELYTRMPVLPEDQDVADERTRILAPSPDSLLHTPLIIKELSKVYEQRVPLLAVDRLSLAVQKGECFGLLGFNGAGKTTTFKMLTGEESLTSGDAFVGGHRISSDVGKVRQRIGYCPQFDALLDHMTGREMLVMYARLRGIPERHIGACVENTLRGLLLEPHANKLVRTYSGGNKRKLSTGIALIGEPAVIFLDEPSTGMDPVARRLLWDTVARARESGKAIIITSHSMEECEALCTRLAIMVQGQFKCLGSPQHLKSKFGSGYSLRAKVQSEGQQEALEEFKAFVDLTFPGSVLEDEHQGMVHYHLPGRDLSWAKVFGILEKAKEKYGVDDYSVSQISLEQVFLSFAHLQPPTAEEGR
P78363,p.Thr901Ala,MGFVRQIQLLLWKNWTLRKRQKIRFVVELVWPLSLFLVLIWLRNANPLYSHHECHFPNKAMPSAGMLPWLQGIFCNVNNPCFQSPTPGESPGIVSNYNNSILARVYRDFQELLMNAPESQHLGRIWTELHILSQFMDTLRTHPERIAGRGIRIRDILKDEETLTLFLIKNIGLSDSVVYLLINSQVRPEQFAHGVPDLALKDIACSEALLERFIIFSQRRGAKTVRYALCSLSQGTLQWIEDTLYANVDFFKLFRVLPTLLDSRSQGINLRSWGGILSDMSPRIQEFIHRPSMQDLLWVTRPLMQNGGPETFTKLMGILSDLLCGYPEGGGSRVLSFNWYEDNNYKAFLGIDSTRKDPIYSYDRRTTSFCNALIQSLESNPLTKIAWRAAKPLLMGKILYTPDSPAARRILKNANSTFEELEHVRKLVKAWEEVGPQIWYFFDNSTQMNMIRDTLGNPTVKDFLNRQLGEEGITAEAILNFLYKGPRESQADDMANFDWRDIFNITDRTLRLVNQYLECLVLDKFESYNDETQLTQRALSLLEENMFWAGVVFPDMYPWTSSLPPHVKYKIRMDIDVVEKTNKIKDRYWDSGPRADPVEDFRYIWGGFAYLQDMVEQGITRSQVQAEAPVGIYLQQMPYPCFVDDSFMIILNRCFPIFMVLAWIYSVSMTVKSIVLEKELRLKETLKNQGVSNAVIWCTWFLDSFSIMSMSIFLLTIFIMHGRILHYSDPFILFLFLLAFSTATIMLCFLLSTFFSKASLAAACSGVIYFTLYLPHILCFAWQDRMTAELKKAVSLLSPVAFGFGTEYLVRFEEQGLGLQWSNIGNSPTEGDEFSFLLSMQMMLLDAAVYGLLAWYLDQVFPGDYGTPLPWYFLLQESYWLGGEGCSTREERALEKTEPLAEETEDPEHPEGIHDSFFEREHPGWVPGVCVKNLVKIFEPCGRPAVDRLNITFYENQITAFLGHNGAGKTTTLSILTGLLPPTSGTVLVGGRDIETSLDAVRQSLGMCPQHNILFHHLTVAEHMLFYAQLKGKSQEEAQLEMEAMLEDTGLHHKRNEEAQDLSGGMQRKLSVAIAFVGDAKVVILDEPTSGVDPYSRRSIWDLLLKYRSGRTIIMSTHHMDEADLLGDRIAIIAQGRLYCSGTPLFLKNCFGTGLYLTLVRKMKNIQSQRKGSEGTCSCSSKGFSTTCPAHVDDLTPEQVLDGDVNELMDVVLHHVPEAKLVECIGQELIFLLPNKNFKHRAYASLFRELEETLADLGLSSFGISDTPLEEIFLKVTEDSDSGPLFAGGAQQKRENVNPRHPCLGPREKAGQTPQDSNVCSPGAPAAHPEGQPPPEPECPGPQLNTGTQLVLQHVQALLVKRFQHTIRSHKDFLAQIVLPATFVFLALMLSIVIPPFGEYPALTLHPWIYGQQYTFFSMDEPGSEQFTVLADVLLNKPGFGNRCLKEGWLPEYPCGNSTPWKTPSVSPNITQLFQKQKWTQVNPSPSCRCSTREKLTMLPECPEGAGGLPPPQRTQRSTEILQDLTDRNISDFLVKTYPALIRSSLKSKFWVNEQRYGGISIGGKLPVVPITGEALVGFLSDLGRIMNVSGGPITREASKEIPDFLKHLETEDNIKVWFNNKGWHALVSFLNVAHNAILRASLPKDRSPEEYGITVISQPLNLTKEQLSEITVLTTSVDAVVAICVIFSMSFVPASFVLYLIQERVNKSKHLQFISGVSPTTYWVTNFLWDIMNYSVSAGLVVGIFIGFQKKAYTSPENLPALVALLLLYGWAVIPMMYPASFLFDVPSTAYVALSCANLFIGINSSAITFILELFENNRTLLRFNAVLRKLLIVFPHFCLGRGLIDLALSQAVTDVYARFGEEHSANPFHWDLIGKNLFAMVVEGVVYFLLTLLVQRHFFLSQWIAEPTKEPIVDEDDDVAEERQRIITGGNKTDILRLHELTKIYPGTSSPAVDRLCVGVRPGECFGLLGVNGAGKTTTFKMLTGDTTVTSGDATVAGKSILTNISEVHQNMGYCPQFDAIDELLTGREHLYLYARLRGVPAEEIEKVANWSIKSLGLTVYADCLAGTYSGGNKRKLSTAIALIGCPPLVLLDEPTTGMDPQARRMLWNVIVSIIREGRAVVLTSHSMEECEALCTRLAIMVKGAFRCMGTIQHLKSKFGDGYIVTMKIKSPKDDLLPDLNPVEQFFQGNFPGSVQRERHYNMLQFQVSSSSLARIFQLLLSHKDSLLIEEYSVTQTTLDQVFVNFAKQQTESHDLPLHPRAAGASRQAQD
Q8IZY2,p.Glu188Gly,MAFWTQLMLLLWKNFMYRRRQPVQLLVELLWPLFLFFILVAVRHSHPPLEHHECHFPNKPLPSAGTVPWLQGLICNVNNTCFPQLTPGEEPGRLSNFNDSLVSRLLADARTVLGGASAHRTLAGLGKLIATLRAARSTAQPQPTKQSPLEPPMLDVAELLTSLLRTESLGLALGQAQEPLHSLLEAAGDLAQELLALRSLVELRALLQRPRGTSGPLELLSEALCSVRGPSSTVGPSLNWYEASDLMELVGQEPESALPDSSLSPACSELIGALDSHPLSRLLWRRLKPLILGKLLFAPDTPFTRKLMAQVNRTFEELTLLRDVREVWEMLGPRIFTFMNDSSNVAMLQRLLQMQDEGRRQPRPGGRDHMEALRSFLDPGSGGYSWQDAHADVGHLVGTLGRVTECLSLDKLEAAPSEAALVSRALQLLAEHRFWAGVVFLGPEDSSDPTEHPTPDLGPGHVRIKIRMDIDVVTRTNKIRDRFWDPGPAADPLTDLRYVWGGFVYLQDLVERAAVRVLSGANPRAGLYLQQMPYPCYVDDVFLRVLSRSLPLFLTLAWIYSVTLTVKAVVREKETRLRDTMRAMGLSRAVLWLGWFLSCLGPFLLSAALLVLVLKLGDILPYSHPGVVFLFLAAFAVATVTQSFLLSAFFSRANLAAACGGLAYFSLYLPYVLCVAWRDRLPAGGRVAASLLSPVAFGFGCESLALLEEQGEGAQWHNVGTRPTADVFSLAQVSGLLLLDAALYGLATWYLEAVCPGQYGIPEPWNFPFRRSYWCGPRPPKSPAPCPTPLDPKVLVEEAPPGLSPGVSVRSLEKRFPGSPQPALRGLSLDFYQGHITAFLGHNGAGKTTTLSILSGLFPPSGGSAFILGHDVRSSMAAIRPHLGVCPQYNVLFDMLTVDEHVWFYGRLKGLSAAVVGPEQDRLLQDVGLVSKQSVQTRHLSGGMQRKLSVAIAFVGGSQVVILDEPTAGVDPASRRGIWELLLKYREGRTLILSTHHLDEAELLGDRVAVVAGGRLCCCGSPLFLRRHLGSGYYLTLVKARLPLTTNEKADTDMEGSVDTRQEKKNGSQGSRVGTPQLLALVQHWVPGARLVEELPHELVLVLPYTGAHDGSFATLFRELDTRLAELRLTGYGISDTSLEEIFLKVVEECAADTDMEDGSCGQHLCTGIAGLDVTLRLKMPPQETALENGEPAGSAPETDQGSGPDAVGRVQGWALTRQQLQALLLKRFLLARRSRRGLFAQIVLPALFVGLALVFSLIVPPFGHYPALRLSPTMYGAQVSFFSEDAPGDPGRARLLEALLQEAGLEEPPVQHSSHRFSAPEVPAEVAKVLASGNWTPESPSPACQCSRPGARRLLPDCPAAAGGPPPPQAVTGSGEVVQNLTGRNLSDFLVKTYPRLVRQGLKTKKWVNEVRYGGFSLGGRDPGLPSGQELGRSVEELWALLSPLPGGALDRVLKNLTAWAHSLDAQDSLKIWFNNKGWHSMVAFVNRASNAILRAHLPPGPARHAHSITTLNHPLNLTKEQLSEGALMASSVDVLVSICVVFAMSFVPASFTLVLIEERVTRAKHLQLMGGLSPTLYWLGNFLWDMCNYLVPACIVVLIFLAFQQRAYVAPANLPALLLLLLLYGWSITPLMYPASFFFSVPSTAYVVLTCINLFIGINGSMATFVLELFSDQKLQEVSRILKQVFLIFPHFCLGRGLIDMVRNQAMADAFERLGDRQFQSPLRWEVVGKNLLAMVIQGPLFLLFTLLLQHRSQLLPQPRVRSLPLLGEEDEDVARERERVVQGATQGDVLVLRNLTKVYRGQRMPAVDRLCLGIPPGECFGLLGVNGAGKTSTFRMVTGDTLASRGEAVLAGHSVAREPSAAHLSMGYCPQSDAIFELLTGREHLELLARLRGVPEAQVAQTAGSGLARLGLSWYADRPAGTYSGGNKRKLATALALVGDPAVVFLDEPTTGMDPSARRFLWNSLLAVVREGRSVMLTSHSMEECEALCSRLAIMVNGRFRCLGSPQHLKGRFAAGHTLTLRVPAARSQPAAAFVAAEFPGAELREAHGGRLRFQLPPGGRCALARVFGELAVHGAEHGVEDFSVSQTMLEEVFLYFSKDQGKDEDTEEQKEAGVGVDPAPGLQHPKRVSQFLDDPSTAETVL
O95342,p.Val444Ala,MSDSVILRSIKKFGEENDGFESDKSYNNDKKSRLQDEKKGDGVRVGFFQLFRFSSSTDIWLMFVGSLCAFLHGIAQPGVLLIFGTMTDVFIDYDVELQELQIPGKACVNNTIVWTNSSLNQNMTNGTRCGLLNIESEMIKFASYYAGIAVAVLITGYIQICFWVIAAARQIQKMRKFYFRRIMRMEIGWFDCNSVGELNTRFSDDINKINDAIADQMALFIQRMTSTICGFLLGFFRGWKLTLVIISVSPLIGIGAATIGLSVSKFTDYELKAYAKAGVVADEVISSMRTVAAFGGEKREVERYEKNLVFAQRWGIRKGIVMGFFTGFVWCLIFLCYALAFWYGSTLVLDEGEYTPGTLVQIFLSVIVGALNLGNASPCLEAFATGRAAATSIFETIDRKPIIDCMSEDGYKLDRIKGEIEFHNVTFHYPSRPEVKILNDLNMAIKPGEMTALVGPSGAGKSTALQLIQRFYDPCEGMVTVDGHDIRSLNIQWLRDQIGIVEQEPVLFSTTIAENIRYGREDATMEDIVQAAKEANAYNFIMDLPQQFDTLVGEGGGQMSGGQKQRVAIARALIRNPKILLLDMATSALDNESEAMVQEVLSKIQHGHTIISVAHRLSTVRAADTIIGFEHGTAVERGTHEELLERKGVYFTLVTLQSQGNQALNEEDIKDATEDDMLARTFSRGSYQDSLRASIRQRSKSQLSYLVHEPPLAVVDHKSTYEEDRKDKDIPVQEEVEPAPVRRILKFSAPEWPYMLVGSVGAAVNGTVTPLYAFLFSQILGTFSIPDKEEQRSQINGVCLLFVAMGCVSLFTQFLQGYAFAKSGELLTKRLRKFGFRAMLGQDIAWFDDLRNSPGALTTRLATDASQVQGAAGSQIGMIVNSFTNVTVAMIIAFSFSWKLSLVILCFFPFLALSGATQTRMLTGFASRDKQALEMVGQITNEALSNIRTVAGIGKERRFIEALETELEKPFKTAIQKANIYGFCFAFAQCIMFIANSASYRYGGYLISNEGLHFSYVFRVISAVVLSATALGRAFSYTPSYAKAKISAARFFQLLDRQPPISVYNTAGEKWDNFQGKIDFVDCKFTYPSRPDSQVLNGLSVSISPGQTLAFVGSSGCGKSTSIQLLERFYDPDQGKVMIDGHDSKKVNVQFLRSNIGIVSQEPVLFACSIMDNIKYGDNTKEIPMERVIAAAKQAQLHDFVMSLPEKYETNVGSQGSQLSRGEKQRIAIARAIVRDPKILLLDEATSALDTESEKTVQVALDKAREGRTCIVIAHRLSTIQNADIIAVMAQGVVIEKGTHEELMAQKGAYYKLVTTGSPIS
